ATM_ID,ATM_LOCATION,BANK_CODE,BRANCH_CODE
ATM00001,Taipei MRT Station,012,0001
ATM00002,Yilan Main Branch,012,0002
ATM00003,Hualien Airport,012,0003
ATM00004,Kaohsiung MRT Station,012,0004
ATM00005,Kaohsiung Shopping Mall,012,0005
ATM00006,Yilan Hospital,012,0006
ATM00007,Pingtung Station,012,0007
ATM00008,Taoyuan HSR Station,012,0008
ATM00009,Taichung Airport,012,0009
ATM00010,Kaohsiung Station,012,0010
ATM00011,Hualien Industrial Park,012,0011
ATM00012,Hsinchu Shopping Mall,012,0012
ATM00013,Pingtung University,012,0013
ATM00014,Nantou Department Store,012,0014
ATM00015,Hualien Airport,012,0015
ATM00016,Tainan Airport,012,0016
ATM00017,Taichung Hospital,012,0017
ATM00018,Taipei HSR Station,012,0018
ATM00019,Hsinchu MRT Station,012,0019
ATM00020,Taichung Main Branch,012,0020
ATM00021,Nantou Hospital,012,0021
ATM00022,Tainan Department Store,012,0022
ATM00023,Taoyuan Hospital,012,0023
ATM00024,Nantou MRT Station,012,0024
ATM00025,Taipei MRT Station,012,0025
ATM00026,Nantou Hospital,012,0026
ATM00027,Taoyuan MRT Station,012,0027
ATM00028,Kaohsiung MRT Station,012,0028
ATM00029,Tainan Station,012,0029
ATM00030,Nantou Main Branch,012,0030
ATM00031,Yilan Station,012,0031
ATM00032,Tainan Department Store,012,0032
ATM00033,Hualien Main Branch,012,0033
ATM00034,Kaohsiung Main Branch,012,0034
ATM00035,Kaohsiung Station,012,0035
ATM00036,Hsinchu Department Store,012,0036
ATM00037,Pingtung Airport,012,0037
ATM00038,Taoyuan Department Store,012,0038
ATM00039,Hualien Shopping Mall,012,0039
ATM00040,Pingtung University,012,0040
ATM00041,Yilan Industrial Park,012,0041
ATM00042,Taipei HSR Station,012,0042
ATM00043,Yilan MRT Station,012,0043
ATM00044,Pingtung Hospital,012,0044
ATM00045,Taipei Hospital,012,0045
ATM00046,Taoyuan Shopping Mall,012,0046
ATM00047,Taipei Department Store,012,0047
ATM00048,Taoyuan Industrial Park,012,0048
ATM00049,Taichung Airport,012,0049
ATM00050,Yilan Main Branch,012,0050
ATM00051,Taichung Hospital,012,0051
ATM00052,Pingtung Shopping Mall,012,0052
ATM00053,Hsinchu HSR Station,012,0053
ATM00054,Taipei Industrial Park,012,0054
ATM00055,Pingtung Department Store,012,0055
ATM00056,Taoyuan Airport,012,0056
ATM00057,Taoyuan Airport,012,0057
ATM00058,Taipei University,012,0058
ATM00059,Yilan HSR Station,012,0059
ATM00060,Hualien University,012,0060
ATM00061,Yilan Industrial Park,012,0061
ATM00062,Taoyuan HSR Station,012,0062
ATM00063,Tainan University,012,0063
ATM00064,Pingtung HSR Station,012,0064
ATM00065,Hsinchu Industrial Park,012,0065
ATM00066,Tainan HSR Station,012,0066
ATM00067,Hualien Industrial Park,012,0067
ATM00068,Taoyuan Industrial Park,012,0068
ATM00069,Hsinchu Station,012,0069
ATM00070,Taipei Hospital,012,0070
ATM00071,Nantou Hospital,012,0071
ATM00072,Taipei Industrial Park,012,0072
ATM00073,Pingtung Hospital,012,0073
ATM00074,Taipei University,012,0074
ATM00075,Pingtung HSR Station,012,0075
ATM00076,Taipei Airport,012,0076
ATM00077,Taoyuan Airport,012,0077
ATM00078,Yilan MRT Station,012,0078
ATM00079,Taichung Hospital,012,0079
ATM00080,Pingtung Airport,012,0080
ATM00081,Nantou Station,012,0081
ATM00082,Hsinchu Industrial Park,012,0082
ATM00083,Taoyuan Hospital,012,0083
ATM00084,Hualien Department Store,012,0084
ATM00085,Nantou Station,012,0085
ATM00086,Hsinchu University,012,0086
ATM00087,Yilan University,012,0087
ATM00088,Kaohsiung Shopping Mall,012,0088
ATM00089,Hsinchu Shopping Mall,012,0089
ATM00090,Taoyuan Station,012,0090
ATM00091,Taoyuan Hospital,012,0091
ATM00092,Nantou Department Store,012,0092
ATM00093,Hsinchu University,012,0093
ATM00094,Hualien Station,012,0094
ATM00095,Taichung University,012,0095
ATM00096,Hsinchu Shopping Mall,012,0096
ATM00097,Tainan Hospital,012,0097
ATM00098,Pingtung Station,012,0098
ATM00099,Tainan Station,012,0099
ATM00100,Pingtung Industrial Park,012,0100
ATM00101,Hsinchu MRT Station,012,0101
ATM00102,Kaohsiung Airport,012,0102
ATM00103,Taoyuan Hospital,012,0103
ATM00104,Kaohsiung Main Branch,012,0104
ATM00105,Taichung Industrial Park,012,0105
ATM00106,Hsinchu Shopping Mall,012,0106
ATM00107,Yilan Station,012,0107
ATM00108,Taichung Main Branch,012,0108
ATM00109,Yilan Hospital,012,0109
ATM00110,Nantou University,012,0110
ATM00111,Taoyuan Shopping Mall,012,0111
ATM00112,Taipei Station,012,0112
ATM00113,Taichung Station,012,0113
ATM00114,Taichung Main Branch,012,0114
ATM00115,Taichung Department Store,012,0115
ATM00116,Hualien Department Store,012,0116
ATM00117,Kaohsiung Shopping Mall,012,0117
ATM00118,Yilan University,012,0118
ATM00119,Taoyuan Industrial Park,012,0119
ATM00120,Taoyuan HSR Station,012,0120
ATM00121,Hsinchu HSR Station,012,0121
ATM00122,Pingtung Industrial Park,012,0122
ATM00123,Taoyuan Hospital,012,0123
ATM00124,Tainan HSR Station,012,0124
ATM00125,Taipei Airport,012,0125
ATM00126,Kaohsiung MRT Station,012,0126
ATM00127,Yilan Shopping Mall,012,0127
ATM00128,Hualien Station,012,0128
ATM00129,Taipei Airport,012,0129
ATM00130,Pingtung University,012,0130
ATM00131,Taoyuan Department Store,012,0131
ATM00132,Hualien HSR Station,012,0132
ATM00133,Taipei Industrial Park,012,0133
ATM00134,Nantou MRT Station,012,0134
ATM00135,Taoyuan Hospital,012,0135
ATM00136,Hsinchu Shopping Mall,012,0136
ATM00137,Taipei Station,012,0137
ATM00138,Kaohsiung Station,012,0138
ATM00139,Pingtung Hospital,012,0139
ATM00140,Taipei Main Branch,012,0140
ATM00141,Kaohsiung University,012,0141
ATM00142,Hualien Hospital,012,0142
ATM00143,Hsinchu Station,012,0143
ATM00144,Nantou Main Branch,012,0144
ATM00145,Yilan Shopping Mall,012,0145
ATM00146,Tainan University,012,0146
ATM00147,Nantou Shopping Mall,012,0147
ATM00148,Hualien University,012,0148
ATM00149,Taoyuan Hospital,012,0149
ATM00150,Pingtung University,012,0150
ATM00151,Pingtung University,012,0151
ATM00152,Taoyuan Industrial Park,012,0152
ATM00153,Taichung Industrial Park,012,0153
ATM00154,Kaohsiung HSR Station,012,0154
ATM00155,Nantou Station,012,0155
ATM00156,Taichung Shopping Mall,012,0156
ATM00157,Yilan Industrial Park,012,0157
ATM00158,Hualien Airport,012,0158
ATM00159,Pingtung Hospital,012,0159
ATM00160,Hualien Airport,012,0160
ATM00161,Taipei Airport,012,0161
ATM00162,Yilan Industrial Park,012,0162
ATM00163,Taipei Station,012,0163
ATM00164,Taichung Main Branch,012,0164
ATM00165,Taipei Shopping Mall,012,0165
ATM00166,Tainan Department Store,012,0166
ATM00167,Hualien Main Branch,012,0167
ATM00168,Hsinchu Department Store,012,0168
ATM00169,Yilan Hospital,012,0169
ATM00170,Yilan Main Branch,012,0170
ATM00171,Nantou MRT Station,012,0171
ATM00172,Nantou Industrial Park,012,0172
ATM00173,Pingtung Shopping Mall,012,0173
ATM00174,Tainan Department Store,012,0174
ATM00175,Yilan University,012,0175
ATM00176,Taoyuan Main Branch,012,0176
ATM00177,Yilan Main Branch,012,0177
ATM00178,Taichung Airport,012,0178
ATM00179,Taoyuan University,012,0179
ATM00180,Tainan Department Store,012,0180
ATM00181,Nantou Station,012,0181
ATM00182,Taichung Department Store,012,0182
ATM00183,Yilan MRT Station,012,0183
ATM00184,Nantou Industrial Park,012,0184
ATM00185,Taipei Main Branch,012,0185
ATM00186,Taipei Airport,012,0186
ATM00187,Nantou Industrial Park,012,0187
ATM00188,Pingtung Shopping Mall,012,0188
ATM00189,Kaohsiung Hospital,012,0189
ATM00190,Nantou MRT Station,012,0190
ATM00191,Taipei MRT Station,012,0191
ATM00192,Taichung HSR Station,012,0192
ATM00193,Pingtung Airport,012,0193
ATM00194,Taichung MRT Station,012,0194
ATM00195,Taoyuan Industrial Park,012,0195
ATM00196,Hsinchu Shopping Mall,012,0196
ATM00197,Pingtung University,012,0197
ATM00198,Tainan Shopping Mall,012,0198
ATM00199,Hsinchu Department Store,012,0199
ATM00200,Yilan MRT Station,012,0200
ATM00201,Kaohsiung MRT Station,012,0201
ATM00202,Hsinchu University,012,0202
ATM00203,Hualien University,012,0203
ATM00204,Pingtung HSR Station,012,0204
ATM00205,Tainan Airport,012,0205
ATM00206,Hualien HSR Station,012,0206
ATM00207,Taichung Station,012,0207
ATM00208,Pingtung Main Branch,012,0208
ATM00209,Hualien Industrial Park,012,0209
ATM00210,Hsinchu University,012,0210
ATM00211,Kaohsiung Airport,012,0211
ATM00212,Hualien Airport,012,0212
ATM00213,Yilan Shopping Mall,012,0213
ATM00214,Hsinchu Shopping Mall,012,0214
ATM00215,Pingtung Main Branch,012,0215
ATM00216,Kaohsiung Industrial Park,012,0216
ATM00217,Tainan Airport,012,0217
ATM00218,Hsinchu Main Branch,012,0218
ATM00219,Hsinchu Station,012,0219
ATM00220,Nantou HSR Station,012,0220
ATM00221,Nantou MRT Station,012,0221
ATM00222,Hualien Main Branch,012,0222
ATM00223,Yilan Hospital,012,0223
ATM00224,Nantou Department Store,012,0224
ATM00225,Hualien Station,012,0225
ATM00226,Tainan MRT Station,012,0226
ATM00227,Hsinchu HSR Station,012,0227
ATM00228,Taipei University,012,0228
ATM00229,Hsinchu Shopping Mall,012,0229
ATM00230,Pingtung HSR Station,012,0230
ATM00231,Yilan HSR Station,012,0231
ATM00232,Hsinchu Department Store,012,0232
ATM00233,Kaohsiung Hospital,012,0233
ATM00234,Nantou Department Store,012,0234
ATM00235,Kaohsiung University,012,0235
ATM00236,Pingtung Station,012,0236
ATM00237,Yilan Shopping Mall,012,0237
ATM00238,Kaohsiung Hospital,012,0238
ATM00239,Pingtung MRT Station,012,0239
ATM00240,Taichung Station,012,0240
ATM00241,Hsinchu Department Store,012,0241
ATM00242,Hsinchu MRT Station,012,0242
ATM00243,Kaohsiung Industrial Park,012,0243
ATM00244,Hsinchu University,012,0244
ATM00245,Hsinchu Main Branch,012,0245
ATM00246,Pingtung Department Store,012,0246
ATM00247,Taoyuan Industrial Park,012,0247
ATM00248,Hualien Hospital,012,0248
ATM00249,Kaohsiung Airport,012,0249
ATM00250,Taoyuan Station,012,0250
ATM00251,Yilan Industrial Park,012,0251
ATM00252,Hsinchu Station,012,0252
ATM00253,Pingtung Industrial Park,012,0253
ATM00254,Nantou HSR Station,012,0254
ATM00255,Taipei Main Branch,012,0255
ATM00256,Hualien Shopping Mall,012,0256
ATM00257,Pingtung Main Branch,012,0257
ATM00258,Yilan HSR Station,012,0258
ATM00259,Pingtung Shopping Mall,012,0259
ATM00260,Taichung Hospital,012,0260
ATM00261,Hsinchu Hospital,012,0261
ATM00262,Tainan Main Branch,012,0262
ATM00263,Pingtung University,012,0263
ATM00264,Taoyuan Airport,012,0264
ATM00265,Kaohsiung HSR Station,012,0265
ATM00266,Taichung Main Branch,012,0266
ATM00267,Taoyuan HSR Station,012,0267
ATM00268,Hualien HSR Station,012,0268
ATM00269,Hualien MRT Station,012,0269
ATM00270,Taichung Department Store,012,0270
ATM00271,Hualien Hospital,012,0271
ATM00272,Taoyuan Shopping Mall,012,0272
ATM00273,Taoyuan Airport,012,0273
ATM00274,Taichung Shopping Mall,012,0274
ATM00275,Taoyuan HSR Station,012,0275
ATM00276,Hsinchu HSR Station,012,0276
ATM00277,Nantou Airport,012,0277
ATM00278,Hualien Hospital,012,0278
ATM00279,Hsinchu Department Store,012,0279
ATM00280,Nantou MRT Station,012,0280
ATM00281,Taichung MRT Station,012,0281
ATM00282,Hualien Industrial Park,012,0282
ATM00283,Hualien MRT Station,012,0283
ATM00284,Hsinchu Main Branch,012,0284
ATM00285,Hsinchu Hospital,012,0285
ATM00286,Tainan Hospital,012,0286
ATM00287,Tainan Industrial Park,012,0287
ATM00288,Taichung Hospital,012,0288
ATM00289,Kaohsiung Department Store,012,0289
ATM00290,Taoyuan Main Branch,012,0290
ATM00291,Taipei Airport,012,0291
ATM00292,Yilan Station,012,0292
ATM00293,Taichung Shopping Mall,012,0293
ATM00294,Hsinchu Station,012,0294
ATM00295,Nantou HSR Station,012,0295
ATM00296,Hsinchu Industrial Park,012,0296
ATM00297,Yilan Shopping Mall,012,0297
ATM00298,Tainan MRT Station,012,0298
ATM00299,Tainan HSR Station,012,0299
ATM00300,Tainan HSR Station,012,0300
ATM00301,Tainan Hospital,012,0301
ATM00302,Pingtung Station,012,0302
ATM00303,Hsinchu Station,012,0303
ATM00304,Taichung Airport,012,0304
ATM00305,Hualien HSR Station,012,0305
ATM00306,Tainan Shopping Mall,012,0306
ATM00307,Taipei Hospital,012,0307
ATM00308,Yilan MRT Station,012,0308
ATM00309,Tainan Hospital,012,0309
ATM00310,Hsinchu Station,012,0310
ATM00311,Yilan University,012,0311
ATM00312,Taipei Industrial Park,012,0312
ATM00313,Taoyuan Hospital,012,0313
ATM00314,Hualien Shopping Mall,012,0314
ATM00315,Taoyuan Department Store,012,0315
ATM00316,Yilan University,012,0316
ATM00317,Pingtung MRT Station,012,0317
ATM00318,Taipei Airport,012,0318
ATM00319,Taipei Industrial Park,012,0319
ATM00320,Taoyuan Shopping Mall,012,0320
ATM00321,Taipei Shopping Mall,012,0321
ATM00322,Tainan Airport,012,0322
ATM00323,Hsinchu Department Store,012,0323
ATM00324,Kaohsiung Shopping Mall,012,0324
ATM00325,Taoyuan Airport,012,0325
ATM00326,Tainan Main Branch,012,0326
ATM00327,Hsinchu Airport,012,0327
ATM00328,Kaohsiung Department Store,012,0328
ATM00329,Nantou Department Store,012,0329
ATM00330,Yilan Airport,012,0330
ATM00331,Hualien Shopping Mall,012,0331
ATM00332,Taipei Department Store,012,0332
ATM00333,Nantou Hospital,012,0333
ATM00334,Taichung Hospital,012,0334
ATM00335,Taoyuan Hospital,012,0335
ATM00336,Yilan Station,012,0336
ATM00337,Hsinchu Department Store,012,0337
ATM00338,Taoyuan Shopping Mall,012,0338
ATM00339,Tainan Hospital,012,0339
ATM00340,Taichung MRT Station,012,0340
ATM00341,Nantou MRT Station,012,0341
ATM00342,Hsinchu Main Branch,012,0342
ATM00343,Hualien Main Branch,012,0343
ATM00344,Nantou MRT Station,012,0344
ATM00345,Yilan MRT Station,012,0345
ATM00346,Taichung Industrial Park,012,0346
ATM00347,Kaohsiung Station,012,0347
ATM00348,Hualien MRT Station,012,0348
ATM00349,Hualien Main Branch,012,0349
ATM00350,Yilan Hospital,012,0350
ATM00351,Tainan Industrial Park,012,0351
ATM00352,Tainan Hospital,012,0352
ATM00353,Nantou University,012,0353
ATM00354,Hualien HSR Station,012,0354
ATM00355,Hsinchu Station,012,0355
ATM00356,Kaohsiung Department Store,012,0356
ATM00357,Taichung HSR Station,012,0357
ATM00358,Hsinchu Hospital,012,0358
ATM00359,Yilan MRT Station,012,0359
ATM00360,Taipei Shopping Mall,012,0360
ATM00361,Nantou Airport,012,0361
ATM00362,Taipei Station,012,0362
ATM00363,Tainan Airport,012,0363
ATM00364,Taoyuan Department Store,012,0364
ATM00365,Kaohsiung HSR Station,012,0365
ATM00366,Taoyuan HSR Station,012,0366
ATM00367,Taoyuan Department Store,012,0367
ATM00368,Taichung Department Store,012,0368
ATM00369,Yilan MRT Station,012,0369
ATM00370,Taipei University,012,0370
ATM00371,Taipei Shopping Mall,012,0371
ATM00372,Tainan University,012,0372
ATM00373,Taoyuan HSR Station,012,0373
ATM00374,Nantou HSR Station,012,0374
ATM00375,Pingtung MRT Station,012,0375
ATM00376,Taoyuan Main Branch,012,0376
ATM00377,Taichung Station,012,0377
ATM00378,Taichung Shopping Mall,012,0378
ATM00379,Kaohsiung Department Store,012,0379
ATM00380,Taoyuan Shopping Mall,012,0380
ATM00381,Tainan University,012,0381
ATM00382,Taoyuan University,012,0382
ATM00383,Hualien HSR Station,012,0383
ATM00384,Hsinchu MRT Station,012,0384
ATM00385,Hsinchu Shopping Mall,012,0385
ATM00386,Hsinchu Shopping Mall,012,0386
ATM00387,Pingtung Main Branch,012,0387
ATM00388,Nantou Department Store,012,0388
ATM00389,Taoyuan Industrial Park,012,0389
ATM00390,Hsinchu Station,012,0390
ATM00391,Hualien MRT Station,012,0391
ATM00392,Nantou Airport,012,0392
ATM00393,Taoyuan Industrial Park,012,0393
ATM00394,Nantou Shopping Mall,012,0394
ATM00395,Kaohsiung Airport,012,0395
ATM00396,Taipei University,012,0396
ATM00397,Nantou Shopping Mall,012,0397
ATM00398,Hsinchu University,012,0398
ATM00399,Pingtung Station,012,0399
ATM00400,Hualien Hospital,012,0400
ATM00401,Hsinchu Station,012,0401
ATM00402,Taichung Main Branch,012,0402
ATM00403,Taichung Airport,012,0403
ATM00404,Yilan Station,012,0404
ATM00405,Taoyuan Airport,012,0405
ATM00406,Taipei Industrial Park,012,0406
ATM00407,Kaohsiung Airport,012,0407
ATM00408,Taichung Hospital,012,0408
ATM00409,Nantou Industrial Park,012,0409
ATM00410,Nantou Shopping Mall,012,0410
ATM00411,Taichung Industrial Park,012,0411
ATM00412,Hsinchu Station,012,0412
ATM00413,Hualien University,012,0413
ATM00414,Kaohsiung HSR Station,012,0414
ATM00415,Taoyuan Shopping Mall,012,0415
ATM00416,Hsinchu University,012,0416
ATM00417,Taipei Station,012,0417
ATM00418,Taichung Hospital,012,0418
ATM00419,Taipei Hospital,012,0419
ATM00420,Yilan Shopping Mall,012,0420
ATM00421,Yilan Industrial Park,012,0421
ATM00422,Taichung MRT Station,012,0422
ATM00423,Kaohsiung Airport,012,0423
ATM00424,Yilan Airport,012,0424
ATM00425,Hualien Shopping Mall,012,0425
ATM00426,Taoyuan Department Store,012,0426
ATM00427,Yilan Department Store,012,0427
ATM00428,Taichung MRT Station,012,0428
ATM00429,Yilan Shopping Mall,012,0429
ATM00430,Hualien Industrial Park,012,0430
ATM00431,Taichung Department Store,012,0431
ATM00432,Taipei HSR Station,012,0432
ATM00433,Pingtung HSR Station,012,0433
ATM00434,Hsinchu Station,012,0434
ATM00435,Taoyuan University,012,0435
ATM00436,Taoyuan MRT Station,012,0436
ATM00437,Nantou HSR Station,012,0437
ATM00438,Yilan HSR Station,012,0438
ATM00439,Taoyuan Department Store,012,0439
ATM00440,Kaohsiung Hospital,012,0440
ATM00441,Yilan Hospital,012,0441
ATM00442,Nantou MRT Station,012,0442
ATM00443,Taichung Hospital,012,0443
ATM00444,Kaohsiung Airport,012,0444
ATM00445,Pingtung Hospital,012,0445
ATM00446,Tainan MRT Station,012,0446
ATM00447,Taichung HSR Station,012,0447
ATM00448,Taoyuan Department Store,012,0448
ATM00449,Taipei Station,012,0449
ATM00450,Kaohsiung MRT Station,012,0450
ATM00451,Hsinchu University,012,0451
ATM00452,Taoyuan Department Store,012,0452
ATM00453,Nantou Main Branch,012,0453
ATM00454,Taoyuan Station,012,0454
ATM00455,Nantou HSR Station,012,0455
ATM00456,Pingtung HSR Station,012,0456
ATM00457,Hualien Hospital,012,0457
ATM00458,Taichung Department Store,012,0458
ATM00459,Taichung Shopping Mall,012,0459
ATM00460,Hsinchu HSR Station,012,0460
ATM00461,Yilan Hospital,012,0461
ATM00462,Yilan Station,012,0462
ATM00463,Yilan University,012,0463
ATM00464,Tainan HSR Station,012,0464
ATM00465,Hualien Industrial Park,012,0465
ATM00466,Yilan Industrial Park,012,0466
ATM00467,Hsinchu Hospital,012,0467
ATM00468,Hualien Main Branch,012,0468
ATM00469,Kaohsiung University,012,0469
ATM00470,Taipei HSR Station,012,0470
ATM00471,Taichung Station,012,0471
ATM00472,Taichung Airport,012,0472
ATM00473,Kaohsiung Department Store,012,0473
ATM00474,Taoyuan HSR Station,012,0474
ATM00475,Hualien MRT Station,012,0475
ATM00476,Hualien Hospital,012,0476
ATM00477,Hsinchu Airport,012,0477
ATM00478,Hsinchu Industrial Park,012,0478
ATM00479,Taoyuan Shopping Mall,012,0479
ATM00480,Kaohsiung University,012,0480
ATM00481,Hsinchu HSR Station,012,0481
ATM00482,Taipei Industrial Park,012,0482
ATM00483,Taichung University,012,0483
ATM00484,Yilan Airport,012,0484
ATM00485,Yilan MRT Station,012,0485
ATM00486,Kaohsiung Main Branch,012,0486
ATM00487,Yilan Station,012,0487
ATM00488,Pingtung Industrial Park,012,0488
ATM00489,Taoyuan MRT Station,012,0489
ATM00490,Kaohsiung Department Store,012,0490
ATM00491,Hsinchu Department Store,012,0491
ATM00492,Hsinchu Station,012,0492
ATM00493,Nantou Department Store,012,0493
ATM00494,Tainan Airport,012,0494
ATM00495,Hsinchu MRT Station,012,0495
ATM00496,Taipei Industrial Park,012,0496
ATM00497,Taichung Department Store,012,0497
ATM00498,Yilan Airport,012,0498
ATM00499,Yilan Airport,012,0499
ATM00500,Hualien Department Store,012,0500
ATM00501,Hualien Shopping Mall,012,0501
ATM00502,Taipei MRT Station,012,0502
ATM00503,Taipei University,012,0503
ATM00504,Hsinchu Shopping Mall,012,0504
ATM00505,Taipei Station,012,0505
ATM00506,Kaohsiung HSR Station,012,0506
ATM00507,Taoyuan Airport,012,0507
ATM00508,Taichung Station,012,0508
ATM00509,Taoyuan Airport,012,0509
ATM00510,Hsinchu Main Branch,012,0510
ATM00511,Taichung University,012,0511
ATM00512,Taipei HSR Station,012,0512
ATM00513,Taipei Department Store,012,0513
ATM00514,Taichung Industrial Park,012,0514
ATM00515,Taoyuan Airport,012,0515
ATM00516,Taipei Department Store,012,0516
ATM00517,Kaohsiung Shopping Mall,012,0517
ATM00518,Taichung Airport,012,0518
ATM00519,Kaohsiung Airport,012,0519
ATM00520,Hsinchu Shopping Mall,012,0520
ATM00521,Tainan Department Store,012,0521
ATM00522,Nantou Airport,012,0522
ATM00523,Pingtung University,012,0523
ATM00524,Hualien Main Branch,012,0524
ATM00525,Kaohsiung HSR Station,012,0525
ATM00526,Taipei Main Branch,012,0526
ATM00527,Kaohsiung Main Branch,012,0527
ATM00528,Tainan Department Store,012,0528
ATM00529,Hsinchu HSR Station,012,0529
ATM00530,Hualien MRT Station,012,0530
ATM00531,Nantou Airport,012,0531
ATM00532,Tainan HSR Station,012,0532
ATM00533,Kaohsiung MRT Station,012,0533
ATM00534,Hualien Department Store,012,0534
ATM00535,Tainan MRT Station,012,0535
ATM00536,Tainan Department Store,012,0536
ATM00537,Tainan Industrial Park,012,0537
ATM00538,Kaohsiung MRT Station,012,0538
ATM00539,Pingtung Hospital,012,0539
ATM00540,Taoyuan Main Branch,012,0540
ATM00541,Nantou MRT Station,012,0541
ATM00542,Hualien Department Store,012,0542
ATM00543,Taoyuan HSR Station,012,0543
ATM00544,Taichung Industrial Park,012,0544
ATM00545,Yilan Hospital,012,0545
ATM00546,Taichung Hospital,012,0546
ATM00547,Tainan MRT Station,012,0547
ATM00548,Taipei Airport,012,0548
ATM00549,Taipei Hospital,012,0549
ATM00550,Taoyuan Station,012,0550
ATM00551,Nantou University,012,0551
ATM00552,Kaohsiung Hospital,012,0552
ATM00553,Hualien Department Store,012,0553
ATM00554,Kaohsiung Shopping Mall,012,0554
ATM00555,Nantou HSR Station,012,0555
ATM00556,Tainan University,012,0556
ATM00557,Yilan HSR Station,012,0557
ATM00558,Tainan Industrial Park,012,0558
ATM00559,Taipei Shopping Mall,012,0559
ATM00560,Tainan Main Branch,012,0560
ATM00561,Taichung Hospital,012,0561
ATM00562,Hsinchu Station,012,0562
ATM00563,Hsinchu Main Branch,012,0563
ATM00564,Taoyuan University,012,0564
ATM00565,Taipei Shopping Mall,012,0565
ATM00566,Hualien Main Branch,012,0566
ATM00567,Taipei MRT Station,012,0567
ATM00568,Taipei Hospital,012,0568
ATM00569,Hsinchu Shopping Mall,012,0569
ATM00570,Kaohsiung Main Branch,012,0570
ATM00571,Taichung Airport,012,0571
ATM00572,Pingtung Airport,012,0572
ATM00573,Taipei Main Branch,012,0573
ATM00574,Hsinchu Department Store,012,0574
ATM00575,Taichung Airport,012,0575
ATM00576,Yilan Department Store,012,0576
ATM00577,Kaohsiung Airport,012,0577
ATM00578,Pingtung Industrial Park,012,0578
ATM00579,Kaohsiung Airport,012,0579
ATM00580,Hualien Airport,012,0580
ATM00581,Tainan Industrial Park,012,0581
ATM00582,Kaohsiung Main Branch,012,0582
ATM00583,Taipei Department Store,012,0583
ATM00584,Nantou University,012,0584
ATM00585,Nantou University,012,0585
ATM00586,Taoyuan HSR Station,012,0586
ATM00587,Taoyuan Station,012,0587
ATM00588,Hsinchu Station,012,0588
ATM00589,Tainan Airport,012,0589
ATM00590,Hsinchu Airport,012,0590
ATM00591,Yilan HSR Station,012,0591
ATM00592,Taipei University,012,0592
ATM00593,Yilan Station,012,0593
ATM00594,Pingtung Industrial Park,012,0594
ATM00595,Hsinchu Hospital,012,0595
ATM00596,Taichung University,012,0596
ATM00597,Taoyuan Station,012,0597
ATM00598,Hualien Main Branch,012,0598
ATM00599,Hsinchu Industrial Park,012,0599
ATM00600,Kaohsiung Station,012,0600
ATM00601,Nantou Industrial Park,012,0601
ATM00602,Hualien MRT Station,012,0602
ATM00603,Yilan Airport,012,0603
ATM00604,Taoyuan MRT Station,012,0604
ATM00605,Yilan University,012,0605
ATM00606,Taipei Airport,012,0606
ATM00607,Taoyuan Station,012,0607
ATM00608,Tainan Department Store,012,0608
ATM00609,Kaohsiung Hospital,012,0609
ATM00610,Pingtung Hospital,012,0610
ATM00611,Yilan Airport,012,0611
ATM00612,Yilan HSR Station,012,0612
ATM00613,Pingtung MRT Station,012,0613
ATM00614,Yilan Main Branch,012,0614
ATM00615,Pingtung Department Store,012,0615
ATM00616,Taichung Airport,012,0616
ATM00617,Taichung MRT Station,012,0617
ATM00618,Taoyuan HSR Station,012,0618
ATM00619,Nantou Main Branch,012,0619
ATM00620,Taoyuan Main Branch,012,0620
ATM00621,Nantou Airport,012,0621
ATM00622,Taipei University,012,0622
ATM00623,Kaohsiung Shopping Mall,012,0623
ATM00624,Taipei HSR Station,012,0624
ATM00625,Taipei Department Store,012,0625
ATM00626,Taichung HSR Station,012,0626
ATM00627,Yilan Department Store,012,0627
ATM00628,Nantou University,012,0628
ATM00629,Nantou Industrial Park,012,0629
ATM00630,Nantou Shopping Mall,012,0630
ATM00631,Pingtung Shopping Mall,012,0631
ATM00632,Nantou University,012,0632
ATM00633,Yilan University,012,0633
ATM00634,Pingtung Department Store,012,0634
ATM00635,Kaohsiung Main Branch,012,0635
ATM00636,Tainan Department Store,012,0636
ATM00637,Taoyuan Main Branch,012,0637
ATM00638,Pingtung Industrial Park,012,0638
ATM00639,Nantou Station,012,0639
ATM00640,Hsinchu HSR Station,012,0640
ATM00641,Tainan Industrial Park,012,0641
ATM00642,Pingtung Department Store,012,0642
ATM00643,Tainan Hospital,012,0643
ATM00644,Yilan Airport,012,0644
ATM00645,Tainan Department Store,012,0645
ATM00646,Taoyuan University,012,0646
ATM00647,Tainan University,012,0647
ATM00648,Taoyuan Station,012,0648
ATM00649,Nantou Main Branch,012,0649
ATM00650,Tainan Department Store,012,0650
ATM00651,Taipei University,012,0651
ATM00652,Pingtung Hospital,012,0652
ATM00653,Taipei Hospital,012,0653
ATM00654,Kaohsiung University,012,0654
ATM00655,Yilan Shopping Mall,012,0655
ATM00656,Kaohsiung Airport,012,0656
ATM00657,Nantou Station,012,0657
ATM00658,Nantou Department Store,012,0658
ATM00659,Tainan Industrial Park,012,0659
ATM00660,Yilan University,012,0660
ATM00661,Taoyuan Shopping Mall,012,0661
ATM00662,Hsinchu Shopping Mall,012,0662
ATM00663,Tainan Industrial Park,012,0663
ATM00664,Hualien HSR Station,012,0664
ATM00665,Hsinchu Department Store,012,0665
ATM00666,Taipei MRT Station,012,0666
ATM00667,Taoyuan Hospital,012,0667
ATM00668,Yilan HSR Station,012,0668
ATM00669,Taipei Shopping Mall,012,0669
ATM00670,Hualien MRT Station,012,0670
ATM00671,Pingtung Hospital,012,0671
ATM00672,Tainan Main Branch,012,0672
ATM00673,Hsinchu Airport,012,0673
ATM00674,Taipei Airport,012,0674
ATM00675,Hualien Industrial Park,012,0675
ATM00676,Tainan HSR Station,012,0676
ATM00677,Tainan University,012,0677
ATM00678,Pingtung MRT Station,012,0678
ATM00679,Kaohsiung Station,012,0679
ATM00680,Kaohsiung MRT Station,012,0680
ATM00681,Hsinchu University,012,0681
ATM00682,Pingtung MRT Station,012,0682
ATM00683,Taipei University,012,0683
ATM00684,Yilan University,012,0684
ATM00685,Taoyuan Department Store,012,0685
ATM00686,Hsinchu Hospital,012,0686
ATM00687,Taichung MRT Station,012,0687
ATM00688,Nantou Hospital,012,0688
ATM00689,Pingtung Main Branch,012,0689
ATM00690,Kaohsiung Main Branch,012,0690
ATM00691,Hualien Shopping Mall,012,0691
ATM00692,Yilan University,012,0692
ATM00693,Yilan Industrial Park,012,0693
ATM00694,Nantou University,012,0694
ATM00695,Hualien HSR Station,012,0695
ATM00696,Yilan Airport,012,0696
ATM00697,Pingtung Station,012,0697
ATM00698,Taichung MRT Station,012,0698
ATM00699,Taoyuan Department Store,012,0699
ATM00700,Tainan HSR Station,012,0700
ATM00701,Taichung Station,012,0701
ATM00702,Taoyuan HSR Station,012,0702
ATM00703,Hualien Shopping Mall,012,0703
ATM00704,Taichung Hospital,012,0704
ATM00705,Taichung HSR Station,012,0705
ATM00706,Yilan Station,012,0706
ATM00707,Pingtung HSR Station,012,0707
ATM00708,Nantou Main Branch,012,0708
ATM00709,Taipei University,012,0709
ATM00710,Hsinchu MRT Station,012,0710
ATM00711,Yilan HSR Station,012,0711
ATM00712,Taoyuan University,012,0712
ATM00713,Hsinchu HSR Station,012,0713
ATM00714,Yilan Shopping Mall,012,0714
ATM00715,Tainan Department Store,012,0715
ATM00716,Hsinchu Station,012,0716
ATM00717,Taoyuan Industrial Park,012,0717
ATM00718,Nantou Department Store,012,0718
ATM00719,Taoyuan MRT Station,012,0719
ATM00720,Taichung HSR Station,012,0720
ATM00721,Taichung Industrial Park,012,0721
ATM00722,Tainan Department Store,012,0722
ATM00723,Hsinchu HSR Station,012,0723
ATM00724,Taoyuan Industrial Park,012,0724
ATM00725,Nantou MRT Station,012,0725
ATM00726,Hualien University,012,0726
ATM00727,Hualien MRT Station,012,0727
ATM00728,Kaohsiung Airport,012,0728
ATM00729,Pingtung Department Store,012,0729
ATM00730,Kaohsiung MRT Station,012,0730
ATM00731,Tainan Main Branch,012,0731
ATM00732,Yilan MRT Station,012,0732
ATM00733,Pingtung Station,012,0733
ATM00734,Kaohsiung Hospital,012,0734
ATM00735,Pingtung Airport,012,0735
ATM00736,Kaohsiung Industrial Park,012,0736
ATM00737,Hualien University,012,0737
ATM00738,Tainan Main Branch,012,0738
ATM00739,Nantou HSR Station,012,0739
ATM00740,Taichung Shopping Mall,012,0740
ATM00741,Pingtung HSR Station,012,0741
ATM00742,Tainan HSR Station,012,0742
ATM00743,Pingtung Airport,012,0743
ATM00744,Kaohsiung Hospital,012,0744
ATM00745,Nantou Department Store,012,0745
ATM00746,Taipei Hospital,012,0746
ATM00747,Taoyuan MRT Station,012,0747
ATM00748,Tainan Industrial Park,012,0748
ATM00749,Hsinchu Department Store,012,0749
ATM00750,Tainan MRT Station,012,0750
ATM00751,Tainan Station,012,0751
ATM00752,Tainan Industrial Park,012,0752
ATM00753,Nantou Shopping Mall,012,0753
ATM00754,Tainan Hospital,012,0754
ATM00755,Tainan Industrial Park,012,0755
ATM00756,Kaohsiung Station,012,0756
ATM00757,Hualien Shopping Mall,012,0757
ATM00758,Pingtung Hospital,012,0758
ATM00759,Nantou Shopping Mall,012,0759
ATM00760,Hsinchu Station,012,0760
ATM00761,Kaohsiung MRT Station,012,0761
ATM00762,Hualien Department Store,012,0762
ATM00763,Kaohsiung Department Store,012,0763
ATM00764,Tainan Industrial Park,012,0764
ATM00765,Kaohsiung University,012,0765
ATM00766,Hsinchu University,012,0766
ATM00767,Kaohsiung Industrial Park,012,0767
ATM00768,Yilan Hospital,012,0768
ATM00769,Taipei Airport,012,0769
ATM00770,Kaohsiung Industrial Park,012,0770
ATM00771,Yilan Station,012,0771
ATM00772,Hualien HSR Station,012,0772
ATM00773,Tainan Department Store,012,0773
ATM00774,Taipei Hospital,012,0774
ATM00775,Taichung Department Store,012,0775
ATM00776,Taoyuan HSR Station,012,0776
ATM00777,Hualien University,012,0777
ATM00778,Hsinchu Airport,012,0778
ATM00779,Kaohsiung MRT Station,012,0779
ATM00780,Tainan Station,012,0780
ATM00781,Kaohsiung Industrial Park,012,0781
ATM00782,Pingtung Shopping Mall,012,0782
ATM00783,Taoyuan Hospital,012,0783
ATM00784,Tainan MRT Station,012,0784
ATM00785,Taoyuan Main Branch,012,0785
ATM00786,Nantou Main Branch,012,0786
ATM00787,Pingtung HSR Station,012,0787
ATM00788,Yilan Airport,012,0788
ATM00789,Kaohsiung Shopping Mall,012,0789
ATM00790,Pingtung Hospital,012,0790
ATM00791,Taoyuan University,012,0791
ATM00792,Hsinchu Shopping Mall,012,0792
ATM00793,Tainan Airport,012,0793
ATM00794,Yilan Industrial Park,012,0794
ATM00795,Hsinchu MRT Station,012,0795
ATM00796,Taipei University,012,0796
ATM00797,Yilan Airport,012,0797
ATM00798,Kaohsiung Station,012,0798
ATM00799,Taichung MRT Station,012,0799
ATM00800,Kaohsiung Shopping Mall,012,0800
ATM00801,Taichung Department Store,012,0801
ATM00802,Taipei Airport,012,0802
ATM00803,Yilan Hospital,012,0803
ATM00804,Pingtung Station,012,0804
ATM00805,Kaohsiung HSR Station,012,0805
ATM00806,Pingtung MRT Station,012,0806
ATM00807,Yilan University,012,0807
ATM00808,Hualien Shopping Mall,012,0808
ATM00809,Tainan Industrial Park,012,0809
ATM00810,Kaohsiung Shopping Mall,012,0810
ATM00811,Hualien HSR Station,012,0811
ATM00812,Pingtung Hospital,012,0812
ATM00813,Nantou Industrial Park,012,0813
ATM00814,Taoyuan Industrial Park,012,0814
ATM00815,Hualien University,012,0815
ATM00816,Nantou Main Branch,012,0816
ATM00817,Tainan Main Branch,012,0817
ATM00818,Nantou HSR Station,012,0818
ATM00819,Yilan Main Branch,012,0819
ATM00820,Hualien Department Store,012,0820
ATM00821,Taipei University,012,0821
ATM00822,Tainan University,012,0822
ATM00823,Tainan Hospital,012,0823
ATM00824,Tainan Main Branch,012,0824
ATM00825,Taichung MRT Station,012,0825
ATM00826,Tainan Station,012,0826
ATM00827,Taichung Industrial Park,012,0827
ATM00828,Yilan Airport,012,0828
ATM00829,Nantou Main Branch,012,0829
ATM00830,Taoyuan MRT Station,012,0830
ATM00831,Tainan MRT Station,012,0831
ATM00832,Taichung Airport,012,0832
ATM00833,Taoyuan Shopping Mall,012,0833
ATM00834,Kaohsiung HSR Station,012,0834
ATM00835,Nantou Department Store,012,0835
ATM00836,Hsinchu University,012,0836
ATM00837,Nantou MRT Station,012,0837
ATM00838,Tainan HSR Station,012,0838
ATM00839,Tainan Airport,012,0839
ATM00840,Taipei Airport,012,0840
ATM00841,Yilan HSR Station,012,0841
ATM00842,Taoyuan Main Branch,012,0842
ATM00843,Tainan Airport,012,0843
ATM00844,Pingtung Main Branch,012,0844
ATM00845,Hualien HSR Station,012,0845
ATM00846,Pingtung MRT Station,012,0846
ATM00847,Yilan Hospital,012,0847
ATM00848,Nantou MRT Station,012,0848
ATM00849,Tainan MRT Station,012,0849
ATM00850,Taichung Industrial Park,012,0850
ATM00851,Taoyuan Airport,012,0851
ATM00852,Taipei University,012,0852
ATM00853,Hualien Station,012,0853
ATM00854,Taipei Station,012,0854
ATM00855,Taichung Main Branch,012,0855
ATM00856,Taoyuan University,012,0856
ATM00857,Pingtung Airport,012,0857
ATM00858,Pingtung Station,012,0858
ATM00859,Kaohsiung HSR Station,012,0859
ATM00860,Hsinchu Main Branch,012,0860
ATM00861,Kaohsiung MRT Station,012,0861
ATM00862,Taipei MRT Station,012,0862
ATM00863,Hsinchu Airport,012,0863
ATM00864,Hsinchu MRT Station,012,0864
ATM00865,Taichung MRT Station,012,0865
ATM00866,Hsinchu Industrial Park,012,0866
ATM00867,Taoyuan University,012,0867
ATM00868,Tainan University,012,0868
ATM00869,Taichung Industrial Park,012,0869
ATM00870,Pingtung Main Branch,012,0870
ATM00871,Tainan Airport,012,0871
ATM00872,Taichung MRT Station,012,0872
ATM00873,Taipei MRT Station,012,0873
ATM00874,Nantou HSR Station,012,0874
ATM00875,Hsinchu University,012,0875
ATM00876,Taichung HSR Station,012,0876
ATM00877,Taipei Industrial Park,012,0877
ATM00878,Pingtung MRT Station,012,0878
ATM00879,Kaohsiung University,012,0879
ATM00880,Taoyuan Industrial Park,012,0880
ATM00881,Yilan Station,012,0881
ATM00882,Hsinchu Station,012,0882
ATM00883,Nantou MRT Station,012,0883
ATM00884,Yilan Department Store,012,0884
ATM00885,Yilan Industrial Park,012,0885
ATM00886,Taoyuan Main Branch,012,0886
ATM00887,Taichung Station,012,0887
ATM00888,Nantou Shopping Mall,012,0888
ATM00889,Taipei HSR Station,012,0889
ATM00890,Taipei Hospital,012,0890
ATM00891,Taichung Airport,012,0891
ATM00892,Kaohsiung HSR Station,012,0892
ATM00893,Yilan MRT Station,012,0893
ATM00894,Nantou Hospital,012,0894
ATM00895,Pingtung Hospital,012,0895
ATM00896,Taoyuan MRT Station,012,0896
ATM00897,Pingtung MRT Station,012,0897
ATM00898,Kaohsiung Station,012,0898
ATM00899,Hualien University,012,0899
ATM00900,Pingtung University,012,0900
ATM00901,Kaohsiung Industrial Park,012,0901
ATM00902,Hualien MRT Station,012,0902
ATM00903,Hualien HSR Station,012,0903
ATM00904,Hualien Department Store,012,0904
ATM00905,Taichung MRT Station,012,0905
ATM00906,Tainan Station,012,0906
ATM00907,Nantou University,012,0907
ATM00908,Taipei Industrial Park,012,0908
ATM00909,Hualien HSR Station,012,0909
ATM00910,Kaohsiung Main Branch,012,0910
ATM00911,Nantou MRT Station,012,0911
ATM00912,Tainan Hospital,012,0912
ATM00913,Kaohsiung Shopping Mall,012,0913
ATM00914,Taipei Airport,012,0914
ATM00915,Taipei Main Branch,012,0915
ATM00916,Tainan University,012,0916
ATM00917,Taoyuan Station,012,0917
ATM00918,Hsinchu Hospital,012,0918
ATM00919,Pingtung MRT Station,012,0919
ATM00920,Pingtung HSR Station,012,0920
ATM00921,Taoyuan University,012,0921
ATM00922,Taoyuan Industrial Park,012,0922
ATM00923,Yilan Shopping Mall,012,0923
ATM00924,Pingtung HSR Station,012,0924
ATM00925,Nantou Hospital,012,0925
ATM00926,Taipei Station,012,0926
ATM00927,Yilan MRT Station,012,0927
ATM00928,Tainan Industrial Park,012,0928
ATM00929,Hsinchu MRT Station,012,0929
ATM00930,Hualien Main Branch,012,0930
ATM00931,Yilan University,012,0931
ATM00932,Hsinchu Department Store,012,0932
ATM00933,Taoyuan Main Branch,012,0933
ATM00934,Yilan Department Store,012,0934
ATM00935,Yilan Airport,012,0935
ATM00936,Hualien Industrial Park,012,0936
ATM00937,Hsinchu Airport,012,0937
ATM00938,Hualien University,012,0938
ATM00939,Yilan Industrial Park,012,0939
ATM00940,Nantou Hospital,012,0940
ATM00941,Taipei Shopping Mall,012,0941
ATM00942,Yilan Shopping Mall,012,0942
ATM00943,Taichung Department Store,012,0943
ATM00944,Yilan MRT Station,012,0944
ATM00945,Nantou HSR Station,012,0945
ATM00946,Hsinchu University,012,0946
ATM00947,Hualien Station,012,0947
ATM00948,Pingtung University,012,0948
ATM00949,Kaohsiung Airport,012,0949
ATM00950,Taipei Airport,012,0950
ATM00951,Taichung Main Branch,012,0951
ATM00952,Nantou Airport,012,0952
ATM00953,Hsinchu University,012,0953
ATM00954,Tainan Airport,012,0954
ATM00955,Taichung HSR Station,012,0955
ATM00956,Nantou HSR Station,012,0956
ATM00957,Taichung HSR Station,012,0957
ATM00958,Nantou Hospital,012,0958
ATM00959,Taoyuan Industrial Park,012,0959
ATM00960,Nantou Hospital,012,0960
ATM00961,Taoyuan Shopping Mall,012,0961
ATM00962,Taipei Station,012,0962
ATM00963,Pingtung Station,012,0963
ATM00964,Taipei Station,012,0964
ATM00965,Nantou MRT Station,012,0965
ATM00966,Yilan Industrial Park,012,0966
ATM00967,Yilan Shopping Mall,012,0967
ATM00968,Yilan Airport,012,0968
ATM00969,Taipei Shopping Mall,012,0969
ATM00970,Taipei Main Branch,012,0970
ATM00971,Nantou Airport,012,0971
ATM00972,Hsinchu Shopping Mall,012,0972
ATM00973,Nantou Shopping Mall,012,0973
ATM00974,Yilan Main Branch,012,0974
ATM00975,Kaohsiung MRT Station,012,0975
ATM00976,Taipei Department Store,012,0976
ATM00977,Pingtung Industrial Park,012,0977
ATM00978,Tainan Airport,012,0978
ATM00979,Yilan Industrial Park,012,0979
ATM00980,Taoyuan Industrial Park,012,0980
ATM00981,Hsinchu Airport,012,0981
ATM00982,Pingtung Industrial Park,012,0982
ATM00983,Hsinchu Industrial Park,012,0983
ATM00984,Hualien University,012,0984
ATM00985,Hsinchu HSR Station,012,0985
ATM00986,Hualien Hospital,012,0986
ATM00987,Hsinchu Industrial Park,012,0987
ATM00988,Taipei Department Store,012,0988
ATM00989,Yilan Hospital,012,0989
ATM00990,Yilan Shopping Mall,012,0990
ATM00991,Taichung Shopping Mall,012,0991
ATM00992,Nantou University,012,0992
ATM00993,Pingtung Hospital,012,0993
ATM00994,Hualien Hospital,012,0994
ATM00995,Yilan MRT Station,012,0995
ATM00996,Pingtung Hospital,012,0996
ATM00997,Kaohsiung Station,012,0997
ATM00998,Kaohsiung HSR Station,012,0998
ATM00999,Hualien Industrial Park,012,0999
ATM01000,Tainan Shopping Mall,012,0000
ATM01001,Pingtung University,012,0001
ATM01002,Hualien Industrial Park,012,0002
ATM01003,Kaohsiung Industrial Park,012,0003
ATM01004,Tainan HSR Station,012,0004
ATM01005,Pingtung University,012,0005
ATM01006,Hualien Station,012,0006
ATM01007,Pingtung MRT Station,012,0007
ATM01008,Yilan Main Branch,012,0008
ATM01009,Hsinchu Department Store,012,0009
ATM01010,Tainan MRT Station,012,0010
ATM01011,Taipei Industrial Park,012,0011
ATM01012,Yilan Shopping Mall,012,0012
ATM01013,Hsinchu Department Store,012,0013
ATM01014,Taoyuan Department Store,012,0014
ATM01015,Yilan Main Branch,012,0015
ATM01016,Taipei MRT Station,012,0016
ATM01017,Taoyuan Hospital,012,0017
ATM01018,Taoyuan Shopping Mall,012,0018
ATM01019,Taichung Main Branch,012,0019
ATM01020,Nantou Airport,012,0020
ATM01021,Pingtung Hospital,012,0021
ATM01022,Taoyuan University,012,0022
ATM01023,Hualien Department Store,012,0023
ATM01024,Kaohsiung Station,012,0024
ATM01025,Tainan Station,012,0025
ATM01026,Tainan HSR Station,012,0026
ATM01027,Hsinchu Main Branch,012,0027
ATM01028,Taoyuan Shopping Mall,012,0028
ATM01029,Yilan Hospital,012,0029
ATM01030,Hualien Station,012,0030
ATM01031,Yilan University,012,0031
ATM01032,Hsinchu MRT Station,012,0032
ATM01033,Taipei HSR Station,012,0033
ATM01034,Hualien Station,012,0034
ATM01035,Yilan Shopping Mall,012,0035
ATM01036,Hualien Station,012,0036
ATM01037,Tainan Airport,012,0037
ATM01038,Pingtung MRT Station,012,0038
ATM01039,Yilan Hospital,012,0039
ATM01040,Taichung Airport,012,0040
ATM01041,Hsinchu HSR Station,012,0041
ATM01042,Tainan Department Store,012,0042
ATM01043,Nantou Hospital,012,0043
ATM01044,Kaohsiung HSR Station,012,0044
ATM01045,Taichung Department Store,012,0045
ATM01046,Tainan Station,012,0046
ATM01047,Hualien Industrial Park,012,0047
ATM01048,Tainan Industrial Park,012,0048
ATM01049,Kaohsiung University,012,0049
ATM01050,Hsinchu Main Branch,012,0050
ATM01051,Hualien Station,012,0051
ATM01052,Nantou University,012,0052
ATM01053,Tainan Main Branch,012,0053
ATM01054,Taipei Station,012,0054
ATM01055,Tainan Airport,012,0055
ATM01056,Nantou Hospital,012,0056
ATM01057,Kaohsiung Airport,012,0057
ATM01058,Hsinchu Department Store,012,0058
ATM01059,Taoyuan University,012,0059
ATM01060,Kaohsiung Main Branch,012,0060
ATM01061,Hsinchu Shopping Mall,012,0061
ATM01062,Tainan Station,012,0062
ATM01063,Tainan Main Branch,012,0063
ATM01064,Kaohsiung Main Branch,012,0064
ATM01065,Hsinchu Main Branch,012,0065
ATM01066,Taoyuan Industrial Park,012,0066
ATM01067,Taoyuan Department Store,012,0067
ATM01068,Pingtung Industrial Park,012,0068
ATM01069,Hsinchu Hospital,012,0069
ATM01070,Nantou Station,012,0070
ATM01071,Taipei Industrial Park,012,0071
ATM01072,Taipei Shopping Mall,012,0072
ATM01073,Taipei Industrial Park,012,0073
ATM01074,Tainan Department Store,012,0074
ATM01075,Hsinchu Hospital,012,0075
ATM01076,Hsinchu Station,012,0076
ATM01077,Tainan Shopping Mall,012,0077
ATM01078,Kaohsiung Airport,012,0078
ATM01079,Taichung HSR Station,012,0079
ATM01080,Taoyuan Main Branch,012,0080
ATM01081,Taipei Main Branch,012,0081
ATM01082,Tainan Department Store,012,0082
ATM01083,Kaohsiung Station,012,0083
ATM01084,Tainan Station,012,0084
ATM01085,Yilan Shopping Mall,012,0085
ATM01086,Tainan Department Store,012,0086
ATM01087,Taoyuan Hospital,012,0087
ATM01088,Nantou University,012,0088
ATM01089,Taoyuan HSR Station,012,0089
ATM01090,Yilan Main Branch,012,0090
ATM01091,Hsinchu Industrial Park,012,0091
ATM01092,Kaohsiung Main Branch,012,0092
ATM01093,Pingtung Airport,012,0093
ATM01094,Nantou MRT Station,012,0094
ATM01095,Kaohsiung Airport,012,0095
ATM01096,Nantou Shopping Mall,012,0096
ATM01097,Taichung Main Branch,012,0097
ATM01098,Hualien Department Store,012,0098
ATM01099,Yilan Hospital,012,0099
ATM01100,Pingtung University,012,0100
ATM01101,Yilan Station,012,0101
ATM01102,Yilan Shopping Mall,012,0102
ATM01103,Taichung Industrial Park,012,0103
ATM01104,Taoyuan Hospital,012,0104
ATM01105,Tainan MRT Station,012,0105
ATM01106,Hualien Station,012,0106
ATM01107,Yilan HSR Station,012,0107
ATM01108,Taipei Shopping Mall,012,0108
ATM01109,Hualien HSR Station,012,0109
ATM01110,Hualien HSR Station,012,0110
ATM01111,Taipei Shopping Mall,012,0111
ATM01112,Hsinchu Industrial Park,012,0112
ATM01113,Kaohsiung Station,012,0113
ATM01114,Taichung Main Branch,012,0114
ATM01115,Taichung Department Store,012,0115
ATM01116,Tainan HSR Station,012,0116
ATM01117,Taipei HSR Station,012,0117
ATM01118,Taichung MRT Station,012,0118
ATM01119,Pingtung HSR Station,012,0119
ATM01120,Pingtung HSR Station,012,0120
ATM01121,Kaohsiung HSR Station,012,0121
ATM01122,Pingtung Main Branch,012,0122
ATM01123,Taipei HSR Station,012,0123
ATM01124,Hualien Main Branch,012,0124
ATM01125,Taipei Airport,012,0125
ATM01126,Kaohsiung Industrial Park,012,0126
ATM01127,Tainan HSR Station,012,0127
ATM01128,Pingtung HSR Station,012,0128
ATM01129,Pingtung Industrial Park,012,0129
ATM01130,Nantou Main Branch,012,0130
ATM01131,Taoyuan University,012,0131
ATM01132,Yilan Department Store,012,0132
ATM01133,Hualien Station,012,0133
ATM01134,Yilan Main Branch,012,0134
ATM01135,Pingtung Shopping Mall,012,0135
ATM01136,Taichung Hospital,012,0136
ATM01137,Tainan Department Store,012,0137
ATM01138,Nantou Hospital,012,0138
ATM01139,Pingtung Department Store,012,0139
ATM01140,Hsinchu MRT Station,012,0140
ATM01141,Nantou Industrial Park,012,0141
ATM01142,Tainan MRT Station,012,0142
ATM01143,Hsinchu Airport,012,0143
ATM01144,Hsinchu University,012,0144
ATM01145,Nantou Main Branch,012,0145
ATM01146,Taichung University,012,0146
ATM01147,Yilan Station,012,0147
ATM01148,Taipei HSR Station,012,0148
ATM01149,Pingtung MRT Station,012,0149
ATM01150,Taichung Airport,012,0150
ATM01151,Nantou MRT Station,012,0151
ATM01152,Nantou Station,012,0152
ATM01153,Hsinchu Main Branch,012,0153
ATM01154,Taichung Station,012,0154
ATM01155,Taichung HSR Station,012,0155
ATM01156,Tainan Main Branch,012,0156
ATM01157,Pingtung Industrial Park,012,0157
ATM01158,Taichung Industrial Park,012,0158
ATM01159,Taichung Hospital,012,0159
ATM01160,Yilan Industrial Park,012,0160
ATM01161,Taichung Shopping Mall,012,0161
ATM01162,Hualien HSR Station,012,0162
ATM01163,Tainan HSR Station,012,0163
ATM01164,Hsinchu Shopping Mall,012,0164
ATM01165,Yilan Industrial Park,012,0165
ATM01166,Tainan Airport,012,0166
ATM01167,Kaohsiung Department Store,012,0167
ATM01168,Hualien Station,012,0168
ATM01169,Hsinchu MRT Station,012,0169
ATM01170,Kaohsiung HSR Station,012,0170
ATM01171,Taichung HSR Station,012,0171
ATM01172,Taipei Shopping Mall,012,0172
ATM01173,Taoyuan Shopping Mall,012,0173
ATM01174,Hsinchu Shopping Mall,012,0174
ATM01175,Kaohsiung University,012,0175
ATM01176,Pingtung Shopping Mall,012,0176
ATM01177,Taoyuan Hospital,012,0177
ATM01178,Yilan University,012,0178
ATM01179,Yilan University,012,0179
ATM01180,Kaohsiung Main Branch,012,0180
ATM01181,Taichung Station,012,0181
ATM01182,Kaohsiung HSR Station,012,0182
ATM01183,Pingtung Hospital,012,0183
ATM01184,Nantou Station,012,0184
ATM01185,Taipei Industrial Park,012,0185
ATM01186,Hsinchu Station,012,0186
ATM01187,Taichung Hospital,012,0187
ATM01188,Kaohsiung Industrial Park,012,0188
ATM01189,Pingtung Main Branch,012,0189
ATM01190,Pingtung Shopping Mall,012,0190
ATM01191,Tainan HSR Station,012,0191
ATM01192,Taoyuan HSR Station,012,0192
ATM01193,Hualien Hospital,012,0193
ATM01194,Pingtung Main Branch,012,0194
ATM01195,Taipei Main Branch,012,0195
ATM01196,Taichung HSR Station,012,0196
ATM01197,Hsinchu Industrial Park,012,0197
ATM01198,Yilan Shopping Mall,012,0198
ATM01199,Hualien Industrial Park,012,0199
ATM01200,Pingtung MRT Station,012,0200
ATM01201,Hualien Airport,012,0201
ATM01202,Taichung Station,012,0202
ATM01203,Taoyuan Station,012,0203
ATM01204,Pingtung University,012,0204
ATM01205,Taichung HSR Station,012,0205
ATM01206,Pingtung MRT Station,012,0206
ATM01207,Taoyuan Airport,012,0207
ATM01208,Pingtung Department Store,012,0208
ATM01209,Taoyuan Industrial Park,012,0209
ATM01210,Hsinchu University,012,0210
ATM01211,Nantou Industrial Park,012,0211
ATM01212,Nantou Shopping Mall,012,0212
ATM01213,Hualien University,012,0213
ATM01214,Hualien Department Store,012,0214
ATM01215,Kaohsiung University,012,0215
ATM01216,Taichung MRT Station,012,0216
ATM01217,Nantou Hospital,012,0217
ATM01218,Pingtung Hospital,012,0218
ATM01219,Taoyuan Industrial Park,012,0219
ATM01220,Hsinchu Main Branch,012,0220
ATM01221,Hualien Airport,012,0221
ATM01222,Hsinchu Hospital,012,0222
ATM01223,Pingtung HSR Station,012,0223
ATM01224,Tainan Hospital,012,0224
ATM01225,Taoyuan University,012,0225
ATM01226,Tainan Main Branch,012,0226
ATM01227,Pingtung Hospital,012,0227
ATM01228,Taipei HSR Station,012,0228
ATM01229,Taipei Department Store,012,0229
ATM01230,Hsinchu University,012,0230
ATM01231,Taoyuan University,012,0231
ATM01232,Yilan Department Store,012,0232
ATM01233,Taoyuan Hospital,012,0233
ATM01234,Nantou University,012,0234
ATM01235,Tainan MRT Station,012,0235
ATM01236,Yilan Main Branch,012,0236
ATM01237,Tainan Main Branch,012,0237
ATM01238,Kaohsiung Department Store,012,0238
ATM01239,Yilan Airport,012,0239
ATM01240,Hsinchu Shopping Mall,012,0240
ATM01241,Nantou Industrial Park,012,0241
ATM01242,Taipei Airport,012,0242
ATM01243,Hualien Station,012,0243
ATM01244,Kaohsiung Main Branch,012,0244
ATM01245,Yilan Station,012,0245
ATM01246,Pingtung Shopping Mall,012,0246
ATM01247,Pingtung Airport,012,0247
ATM01248,Hualien University,012,0248
ATM01249,Hualien Shopping Mall,012,0249
ATM01250,Hualien Industrial Park,012,0250
ATM01251,Pingtung Shopping Mall,012,0251
ATM01252,Tainan Department Store,012,0252
ATM01253,Taipei Main Branch,012,0253
ATM01254,Hualien HSR Station,012,0254
ATM01255,Hualien Department Store,012,0255
ATM01256,Taichung Hospital,012,0256
ATM01257,Pingtung Airport,012,0257
ATM01258,Nantou Hospital,012,0258
ATM01259,Taipei Industrial Park,012,0259
ATM01260,Taipei University,012,0260
ATM01261,Kaohsiung HSR Station,012,0261
ATM01262,Kaohsiung Airport,012,0262
ATM01263,Nantou University,012,0263
ATM01264,Pingtung Department Store,012,0264
ATM01265,Taoyuan Department Store,012,0265
ATM01266,Kaohsiung HSR Station,012,0266
ATM01267,Nantou Industrial Park,012,0267
ATM01268,Hsinchu Industrial Park,012,0268
ATM01269,Tainan Department Store,012,0269
ATM01270,Nantou HSR Station,012,0270
ATM01271,Hualien Hospital,012,0271
ATM01272,Taichung Station,012,0272
ATM01273,Taipei MRT Station,012,0273
ATM01274,Nantou Airport,012,0274
ATM01275,Hsinchu Industrial Park,012,0275
ATM01276,Tainan Department Store,012,0276
ATM01277,Tainan Department Store,012,0277
ATM01278,Yilan Airport,012,0278
ATM01279,Kaohsiung Department Store,012,0279
ATM01280,Yilan Main Branch,012,0280
ATM01281,Yilan Hospital,012,0281
ATM01282,Taipei Shopping Mall,012,0282
ATM01283,Taipei MRT Station,012,0283
ATM01284,Taichung Airport,012,0284
ATM01285,Hualien University,012,0285
ATM01286,Kaohsiung Station,012,0286
ATM01287,Hsinchu Airport,012,0287
ATM01288,Hsinchu Airport,012,0288
ATM01289,Taoyuan Industrial Park,012,0289
ATM01290,Hualien Shopping Mall,012,0290
ATM01291,Hualien HSR Station,012,0291
ATM01292,Tainan Airport,012,0292
ATM01293,Tainan HSR Station,012,0293
ATM01294,Taoyuan Hospital,012,0294
ATM01295,Taoyuan Department Store,012,0295
ATM01296,Pingtung Hospital,012,0296
ATM01297,Taoyuan Hospital,012,0297
ATM01298,Nantou HSR Station,012,0298
ATM01299,Nantou Airport,012,0299
ATM01300,Hualien Industrial Park,012,0300
ATM01301,Taichung University,012,0301
ATM01302,Hualien University,012,0302
ATM01303,Hsinchu HSR Station,012,0303
ATM01304,Taipei Hospital,012,0304
ATM01305,Pingtung MRT Station,012,0305
ATM01306,Nantou Shopping Mall,012,0306
ATM01307,Taipei HSR Station,012,0307
ATM01308,Taipei Airport,012,0308
ATM01309,Hsinchu University,012,0309
ATM01310,Hsinchu Airport,012,0310
ATM01311,Kaohsiung MRT Station,012,0311
ATM01312,Hsinchu Airport,012,0312
ATM01313,Taoyuan University,012,0313
ATM01314,Taipei Department Store,012,0314
ATM01315,Yilan HSR Station,012,0315
ATM01316,Nantou Department Store,012,0316
ATM01317,Kaohsiung Main Branch,012,0317
ATM01318,Yilan Shopping Mall,012,0318
ATM01319,Pingtung HSR Station,012,0319
ATM01320,Kaohsiung University,012,0320
ATM01321,Nantou University,012,0321
ATM01322,Tainan Hospital,012,0322
ATM01323,Pingtung MRT Station,012,0323
ATM01324,Hsinchu Station,012,0324
ATM01325,Hsinchu MRT Station,012,0325
ATM01326,Nantou Main Branch,012,0326
ATM01327,Taoyuan Industrial Park,012,0327
ATM01328,Yilan Department Store,012,0328
ATM01329,Nantou Hospital,012,0329
ATM01330,Nantou Airport,012,0330
ATM01331,Tainan Hospital,012,0331
ATM01332,Taoyuan Department Store,012,0332
ATM01333,Hsinchu Airport,012,0333
ATM01334,Nantou Airport,012,0334
ATM01335,Pingtung MRT Station,012,0335
ATM01336,Taoyuan University,012,0336
ATM01337,Hualien Industrial Park,012,0337
ATM01338,Nantou Main Branch,012,0338
ATM01339,Kaohsiung MRT Station,012,0339
ATM01340,Taoyuan Department Store,012,0340
ATM01341,Tainan Main Branch,012,0341
ATM01342,Tainan Hospital,012,0342
ATM01343,Tainan Shopping Mall,012,0343
ATM01344,Hualien MRT Station,012,0344
ATM01345,Kaohsiung University,012,0345
ATM01346,Taichung Shopping Mall,012,0346
ATM01347,Hsinchu Industrial Park,012,0347
ATM01348,Tainan Station,012,0348
ATM01349,Taoyuan University,012,0349
ATM01350,Hsinchu Department Store,012,0350
ATM01351,Taichung Station,012,0351
ATM01352,Kaohsiung Industrial Park,012,0352
ATM01353,Hualien Department Store,012,0353
ATM01354,Pingtung MRT Station,012,0354
ATM01355,Taipei Main Branch,012,0355
ATM01356,Hsinchu MRT Station,012,0356
ATM01357,Yilan Department Store,012,0357
ATM01358,Taichung Industrial Park,012,0358
ATM01359,Tainan Station,012,0359
ATM01360,Taipei Industrial Park,012,0360
ATM01361,Yilan Station,012,0361
ATM01362,Yilan Airport,012,0362
ATM01363,Hsinchu Shopping Mall,012,0363
ATM01364,Nantou Station,012,0364
ATM01365,Hualien Hospital,012,0365
ATM01366,Taichung University,012,0366
ATM01367,Hsinchu University,012,0367
ATM01368,Tainan Main Branch,012,0368
ATM01369,Taipei MRT Station,012,0369
ATM01370,Pingtung Shopping Mall,012,0370
ATM01371,Nantou University,012,0371
ATM01372,Taichung Department Store,012,0372
ATM01373,Taichung MRT Station,012,0373
ATM01374,Taoyuan University,012,0374
ATM01375,Taoyuan Department Store,012,0375
ATM01376,Kaohsiung Department Store,012,0376
ATM01377,Pingtung University,012,0377
ATM01378,Pingtung Industrial Park,012,0378
ATM01379,Pingtung Shopping Mall,012,0379
ATM01380,Taichung Station,012,0380
ATM01381,Nantou Department Store,012,0381
ATM01382,Pingtung Industrial Park,012,0382
ATM01383,Taoyuan University,012,0383
ATM01384,Nantou MRT Station,012,0384
ATM01385,Taipei Main Branch,012,0385
ATM01386,Hualien Airport,012,0386
ATM01387,Pingtung Shopping Mall,012,0387
ATM01388,Taichung Department Store,012,0388
ATM01389,Taoyuan MRT Station,012,0389
ATM01390,Taoyuan HSR Station,012,0390
ATM01391,Hualien MRT Station,012,0391
ATM01392,Taipei Station,012,0392
ATM01393,Tainan MRT Station,012,0393
ATM01394,Hsinchu HSR Station,012,0394
ATM01395,Tainan Shopping Mall,012,0395
ATM01396,Pingtung Main Branch,012,0396
ATM01397,Taoyuan University,012,0397
ATM01398,Hualien Industrial Park,012,0398
ATM01399,Hualien HSR Station,012,0399
ATM01400,Hsinchu Station,012,0400
ATM01401,Taichung Station,012,0401
ATM01402,Kaohsiung University,012,0402
ATM01403,Pingtung Main Branch,012,0403
ATM01404,Taichung Shopping Mall,012,0404
ATM01405,Taichung Industrial Park,012,0405
ATM01406,Pingtung Shopping Mall,012,0406
ATM01407,Hualien HSR Station,012,0407
ATM01408,Taichung Airport,012,0408
ATM01409,Yilan Station,012,0409
ATM01410,Taichung HSR Station,012,0410
ATM01411,Nantou MRT Station,012,0411
ATM01412,Taichung Industrial Park,012,0412
ATM01413,Hsinchu MRT Station,012,0413
ATM01414,Pingtung Hospital,012,0414
ATM01415,Taichung MRT Station,012,0415
ATM01416,Hsinchu University,012,0416
ATM01417,Hualien Airport,012,0417
ATM01418,Taichung Main Branch,012,0418
ATM01419,Yilan HSR Station,012,0419
ATM01420,Tainan Shopping Mall,012,0420
ATM01421,Taichung Industrial Park,012,0421
ATM01422,Pingtung Station,012,0422
ATM01423,Kaohsiung Industrial Park,012,0423
ATM01424,Taoyuan Department Store,012,0424
ATM01425,Nantou Shopping Mall,012,0425
ATM01426,Pingtung MRT Station,012,0426
ATM01427,Taipei Airport,012,0427
ATM01428,Taichung Department Store,012,0428
ATM01429,Taoyuan Department Store,012,0429
ATM01430,Hsinchu Hospital,012,0430
ATM01431,Tainan Station,012,0431
ATM01432,Nantou Department Store,012,0432
ATM01433,Taipei Industrial Park,012,0433
ATM01434,Tainan MRT Station,012,0434
ATM01435,Taichung HSR Station,012,0435
ATM01436,Hualien Station,012,0436
ATM01437,Taipei Hospital,012,0437
ATM01438,Taichung HSR Station,012,0438
ATM01439,Hsinchu Shopping Mall,012,0439
ATM01440,Nantou HSR Station,012,0440
ATM01441,Taoyuan Department Store,012,0441
ATM01442,Hualien Department Store,012,0442
ATM01443,Hsinchu Station,012,0443
ATM01444,Nantou University,012,0444
ATM01445,Hsinchu Department Store,012,0445
ATM01446,Taichung HSR Station,012,0446
ATM01447,Hsinchu University,012,0447
ATM01448,Taipei Shopping Mall,012,0448
ATM01449,Taichung Station,012,0449
ATM01450,Taoyuan Industrial Park,012,0450
ATM01451,Yilan Main Branch,012,0451
ATM01452,Kaohsiung Station,012,0452
ATM01453,Pingtung Hospital,012,0453
ATM01454,Tainan Airport,012,0454
ATM01455,Hsinchu HSR Station,012,0455
ATM01456,Nantou Shopping Mall,012,0456
ATM01457,Kaohsiung Main Branch,012,0457
ATM01458,Taoyuan Main Branch,012,0458
ATM01459,Nantou Department Store,012,0459
ATM01460,Taichung MRT Station,012,0460
ATM01461,Nantou Department Store,012,0461
ATM01462,Tainan Airport,012,0462
ATM01463,Hsinchu University,012,0463
ATM01464,Hualien Station,012,0464
ATM01465,Tainan Hospital,012,0465
ATM01466,Yilan Station,012,0466
ATM01467,Nantou Department Store,012,0467
ATM01468,Hsinchu Shopping Mall,012,0468
ATM01469,Tainan Station,012,0469
ATM01470,Tainan Department Store,012,0470
ATM01471,Tainan Airport,012,0471
ATM01472,Pingtung Hospital,012,0472
ATM01473,Kaohsiung Shopping Mall,012,0473
ATM01474,Hualien Airport,012,0474
ATM01475,Yilan Shopping Mall,012,0475
ATM01476,Kaohsiung MRT Station,012,0476
ATM01477,Taoyuan Department Store,012,0477
ATM01478,Taipei Industrial Park,012,0478
ATM01479,Pingtung Industrial Park,012,0479
ATM01480,Kaohsiung University,012,0480
ATM01481,Kaohsiung Hospital,012,0481
ATM01482,Hsinchu Hospital,012,0482
ATM01483,Nantou Shopping Mall,012,0483
ATM01484,Hualien Hospital,012,0484
ATM01485,Tainan University,012,0485
ATM01486,Pingtung MRT Station,012,0486
ATM01487,Hualien Airport,012,0487
ATM01488,Taoyuan Station,012,0488
ATM01489,Taipei Airport,012,0489
ATM01490,Tainan Station,012,0490
ATM01491,Tainan Shopping Mall,012,0491
ATM01492,Pingtung Main Branch,012,0492
ATM01493,Hsinchu Main Branch,012,0493
ATM01494,Nantou Hospital,012,0494
ATM01495,Tainan Main Branch,012,0495
ATM01496,Tainan MRT Station,012,0496
ATM01497,Pingtung University,012,0497
ATM01498,Taoyuan Department Store,012,0498
ATM01499,Hsinchu Hospital,012,0499
ATM01500,Hsinchu Main Branch,012,0500
ATM01501,Taipei Station,012,0501
ATM01502,Yilan Industrial Park,012,0502
ATM01503,Kaohsiung Station,012,0503
ATM01504,Pingtung Main Branch,012,0504
ATM01505,Taoyuan Hospital,012,0505
ATM01506,Taichung Hospital,012,0506
ATM01507,Hsinchu Airport,012,0507
ATM01508,Taoyuan Hospital,012,0508
ATM01509,Taoyuan Airport,012,0509
ATM01510,Yilan Industrial Park,012,0510
ATM01511,Yilan MRT Station,012,0511
ATM01512,Kaohsiung MRT Station,012,0512
ATM01513,Hsinchu Airport,012,0513
ATM01514,Kaohsiung Department Store,012,0514
ATM01515,Kaohsiung HSR Station,012,0515
ATM01516,Tainan HSR Station,012,0516
ATM01517,Taichung Airport,012,0517
ATM01518,Kaohsiung Station,012,0518
ATM01519,Taoyuan University,012,0519
ATM01520,Nantou Shopping Mall,012,0520
ATM01521,Hualien Station,012,0521
ATM01522,Taipei Station,012,0522
ATM01523,Taipei Airport,012,0523
ATM01524,Tainan Hospital,012,0524
ATM01525,Tainan Industrial Park,012,0525
ATM01526,Kaohsiung University,012,0526
ATM01527,Taichung HSR Station,012,0527
ATM01528,Nantou University,012,0528
ATM01529,Nantou Shopping Mall,012,0529
ATM01530,Hsinchu Shopping Mall,012,0530
ATM01531,Hsinchu University,012,0531
ATM01532,Taichung Department Store,012,0532
ATM01533,Nantou Shopping Mall,012,0533
ATM01534,Taipei Airport,012,0534
ATM01535,Hualien Airport,012,0535
ATM01536,Taichung Airport,012,0536
ATM01537,Taichung Station,012,0537
ATM01538,Hsinchu Department Store,012,0538
ATM01539,Taipei Industrial Park,012,0539
ATM01540,Hualien Department Store,012,0540
ATM01541,Taichung Industrial Park,012,0541
ATM01542,Hsinchu University,012,0542
ATM01543,Tainan Industrial Park,012,0543
ATM01544,Taoyuan Airport,012,0544
ATM01545,Kaohsiung Station,012,0545
ATM01546,Kaohsiung Shopping Mall,012,0546
ATM01547,Yilan Industrial Park,012,0547
ATM01548,Taipei Airport,012,0548
ATM01549,Kaohsiung University,012,0549
ATM01550,Kaohsiung Hospital,012,0550
ATM01551,Kaohsiung Station,012,0551
ATM01552,Nantou Industrial Park,012,0552
ATM01553,Kaohsiung Industrial Park,012,0553
ATM01554,Yilan MRT Station,012,0554
ATM01555,Hsinchu Airport,012,0555
ATM01556,Taipei Industrial Park,012,0556
ATM01557,Nantou Main Branch,012,0557
ATM01558,Taipei Airport,012,0558
ATM01559,Kaohsiung Shopping Mall,012,0559
ATM01560,Taoyuan Airport,012,0560
ATM01561,Nantou Hospital,012,0561
ATM01562,Nantou Airport,012,0562
ATM01563,Tainan Industrial Park,012,0563
ATM01564,Nantou Industrial Park,012,0564
ATM01565,Nantou Airport,012,0565
ATM01566,Taoyuan Airport,012,0566
ATM01567,Hsinchu Main Branch,012,0567
ATM01568,Pingtung Shopping Mall,012,0568
ATM01569,Hsinchu Industrial Park,012,0569
ATM01570,Hsinchu University,012,0570
ATM01571,Hsinchu University,012,0571
ATM01572,Hsinchu HSR Station,012,0572
ATM01573,Taipei MRT Station,012,0573
ATM01574,Hsinchu Main Branch,012,0574
ATM01575,Pingtung Station,012,0575
ATM01576,Taipei Main Branch,012,0576
ATM01577,Yilan Station,012,0577
ATM01578,Tainan Hospital,012,0578
ATM01579,Taichung Hospital,012,0579
ATM01580,Taipei Department Store,012,0580
ATM01581,Taichung Station,012,0581
ATM01582,Pingtung HSR Station,012,0582
ATM01583,Nantou Industrial Park,012,0583
ATM01584,Nantou University,012,0584
ATM01585,Hsinchu Airport,012,0585
ATM01586,Tainan MRT Station,012,0586
ATM01587,Yilan Main Branch,012,0587
ATM01588,Taichung Shopping Mall,012,0588
ATM01589,Hsinchu Industrial Park,012,0589
ATM01590,Kaohsiung MRT Station,012,0590
ATM01591,Hsinchu Station,012,0591
ATM01592,Taichung MRT Station,012,0592
ATM01593,Taichung Shopping Mall,012,0593
ATM01594,Taichung Shopping Mall,012,0594
ATM01595,Taichung Hospital,012,0595
ATM01596,Pingtung Industrial Park,012,0596
ATM01597,Pingtung Station,012,0597
ATM01598,Yilan Main Branch,012,0598
ATM01599,Kaohsiung Hospital,012,0599
ATM01600,Hsinchu Industrial Park,012,0600
ATM01601,Taoyuan Hospital,012,0601
ATM01602,Taoyuan Shopping Mall,012,0602
ATM01603,Tainan MRT Station,012,0603
ATM01604,Pingtung Airport,012,0604
ATM01605,Hualien Department Store,012,0605
ATM01606,Taichung Station,012,0606
ATM01607,Kaohsiung HSR Station,012,0607
ATM01608,Pingtung Shopping Mall,012,0608
ATM01609,Pingtung Department Store,012,0609
ATM01610,Hualien Shopping Mall,012,0610
ATM01611,Nantou Station,012,0611
ATM01612,Taipei Industrial Park,012,0612
ATM01613,Tainan Shopping Mall,012,0613
ATM01614,Nantou Main Branch,012,0614
ATM01615,Hsinchu MRT Station,012,0615
ATM01616,Taoyuan Hospital,012,0616
ATM01617,Hsinchu Station,012,0617
ATM01618,Pingtung Department Store,012,0618
ATM01619,Hualien MRT Station,012,0619
ATM01620,Taoyuan Station,012,0620
ATM01621,Taipei Industrial Park,012,0621
ATM01622,Taichung HSR Station,012,0622
ATM01623,Taoyuan HSR Station,012,0623
ATM01624,Hualien Main Branch,012,0624
ATM01625,Hsinchu HSR Station,012,0625
ATM01626,Hsinchu Station,012,0626
ATM01627,Taichung Hospital,012,0627
ATM01628,Pingtung University,012,0628
ATM01629,Kaohsiung Hospital,012,0629
ATM01630,Taipei HSR Station,012,0630
ATM01631,Pingtung Industrial Park,012,0631
ATM01632,Nantou MRT Station,012,0632
ATM01633,Tainan Industrial Park,012,0633
ATM01634,Taoyuan Industrial Park,012,0634
ATM01635,Tainan HSR Station,012,0635
ATM01636,Kaohsiung Station,012,0636
ATM01637,Taipei Hospital,012,0637
ATM01638,Hualien Airport,012,0638
ATM01639,Taichung Airport,012,0639
ATM01640,Hualien Department Store,012,0640
ATM01641,Hsinchu Station,012,0641
ATM01642,Hualien MRT Station,012,0642
ATM01643,Taoyuan HSR Station,012,0643
ATM01644,Taoyuan Main Branch,012,0644
ATM01645,Taoyuan Station,012,0645
ATM01646,Taichung Department Store,012,0646
ATM01647,Taipei Station,012,0647
ATM01648,Taoyuan MRT Station,012,0648
ATM01649,Taichung Shopping Mall,012,0649
ATM01650,Taichung Station,012,0650
ATM01651,Yilan Department Store,012,0651
ATM01652,Taoyuan Hospital,012,0652
ATM01653,Taichung MRT Station,012,0653
ATM01654,Taipei Department Store,012,0654
ATM01655,Taichung University,012,0655
ATM01656,Tainan MRT Station,012,0656
ATM01657,Tainan Station,012,0657
ATM01658,Hualien Hospital,012,0658
ATM01659,Hualien Industrial Park,012,0659
ATM01660,Hsinchu University,012,0660
ATM01661,Yilan Department Store,012,0661
ATM01662,Pingtung Station,012,0662
ATM01663,Tainan Department Store,012,0663
ATM01664,Kaohsiung Department Store,012,0664
ATM01665,Taichung Hospital,012,0665
ATM01666,Taichung Main Branch,012,0666
ATM01667,Taipei Airport,012,0667
ATM01668,Kaohsiung Station,012,0668
ATM01669,Yilan Airport,012,0669
ATM01670,Yilan Airport,012,0670
ATM01671,Yilan Industrial Park,012,0671
ATM01672,Tainan Hospital,012,0672
ATM01673,Pingtung Main Branch,012,0673
ATM01674,Taichung HSR Station,012,0674
ATM01675,Hualien Main Branch,012,0675
ATM01676,Pingtung Main Branch,012,0676
ATM01677,Hualien Shopping Mall,012,0677
ATM01678,Taipei Industrial Park,012,0678
ATM01679,Nantou Main Branch,012,0679
ATM01680,Pingtung Station,012,0680
ATM01681,Hualien Department Store,012,0681
ATM01682,Kaohsiung Airport,012,0682
ATM01683,Tainan Hospital,012,0683
ATM01684,Kaohsiung Shopping Mall,012,0684
ATM01685,Taoyuan Main Branch,012,0685
ATM01686,Taipei Shopping Mall,012,0686
ATM01687,Pingtung Airport,012,0687
ATM01688,Yilan Department Store,012,0688
ATM01689,Taichung Department Store,012,0689
ATM01690,Yilan Main Branch,012,0690
ATM01691,Taichung University,012,0691
ATM01692,Taoyuan University,012,0692
ATM01693,Tainan Hospital,012,0693
ATM01694,Taipei University,012,0694
ATM01695,Nantou MRT Station,012,0695
ATM01696,Nantou Shopping Mall,012,0696
ATM01697,Taoyuan Industrial Park,012,0697
ATM01698,Hsinchu Department Store,012,0698
ATM01699,Taipei Hospital,012,0699
ATM01700,Hualien Main Branch,012,0700
ATM01701,Yilan Hospital,012,0701
ATM01702,Hsinchu Industrial Park,012,0702
ATM01703,Hsinchu Department Store,012,0703
ATM01704,Tainan Hospital,012,0704
ATM01705,Yilan Station,012,0705
ATM01706,Kaohsiung Main Branch,012,0706
ATM01707,Pingtung Shopping Mall,012,0707
ATM01708,Yilan Station,012,0708
ATM01709,Nantou Airport,012,0709
ATM01710,Tainan Hospital,012,0710
ATM01711,Taipei Industrial Park,012,0711
ATM01712,Taipei HSR Station,012,0712
ATM01713,Taoyuan Hospital,012,0713
ATM01714,Hsinchu Department Store,012,0714
ATM01715,Tainan Department Store,012,0715
ATM01716,Yilan Station,012,0716
ATM01717,Taichung Station,012,0717
ATM01718,Taipei University,012,0718
ATM01719,Kaohsiung Department Store,012,0719
ATM01720,Taipei Station,012,0720
ATM01721,Taipei Department Store,012,0721
ATM01722,Taipei Hospital,012,0722
ATM01723,Kaohsiung MRT Station,012,0723
ATM01724,Nantou Industrial Park,012,0724
ATM01725,Kaohsiung Industrial Park,012,0725
ATM01726,Taichung MRT Station,012,0726
ATM01727,Taichung Hospital,012,0727
ATM01728,Hsinchu Industrial Park,012,0728
ATM01729,Nantou Main Branch,012,0729
ATM01730,Tainan Hospital,012,0730
ATM01731,Pingtung Airport,012,0731
ATM01732,Nantou Airport,012,0732
ATM01733,Tainan Hospital,012,0733
ATM01734,Taoyuan Industrial Park,012,0734
ATM01735,Hsinchu MRT Station,012,0735
ATM01736,Pingtung Airport,012,0736
ATM01737,Taichung Airport,012,0737
ATM01738,Yilan Department Store,012,0738
ATM01739,Yilan Department Store,012,0739
ATM01740,Taipei Shopping Mall,012,0740
ATM01741,Taoyuan University,012,0741
ATM01742,Taoyuan Main Branch,012,0742
ATM01743,Tainan HSR Station,012,0743
ATM01744,Pingtung Shopping Mall,012,0744
ATM01745,Taipei Main Branch,012,0745
ATM01746,Kaohsiung HSR Station,012,0746
ATM01747,Yilan University,012,0747
ATM01748,Hualien Industrial Park,012,0748
ATM01749,Pingtung Hospital,012,0749
ATM01750,Taoyuan Shopping Mall,012,0750
ATM01751,Hsinchu Shopping Mall,012,0751
ATM01752,Tainan University,012,0752
ATM01753,Taoyuan University,012,0753
ATM01754,Pingtung Industrial Park,012,0754
ATM01755,Taipei HSR Station,012,0755
ATM01756,Taichung HSR Station,012,0756
ATM01757,Hualien Airport,012,0757
ATM01758,Yilan HSR Station,012,0758
ATM01759,Hsinchu Airport,012,0759
ATM01760,Tainan Shopping Mall,012,0760
ATM01761,Taichung MRT Station,012,0761
ATM01762,Yilan Shopping Mall,012,0762
ATM01763,Yilan Department Store,012,0763
ATM01764,Kaohsiung Station,012,0764
ATM01765,Taipei Department Store,012,0765
ATM01766,Hsinchu Industrial Park,012,0766
ATM01767,Yilan Airport,012,0767
ATM01768,Hualien Main Branch,012,0768
ATM01769,Kaohsiung Shopping Mall,012,0769
ATM01770,Nantou Department Store,012,0770
ATM01771,Hualien Shopping Mall,012,0771
ATM01772,Tainan Hospital,012,0772
ATM01773,Tainan Hospital,012,0773
ATM01774,Taipei Station,012,0774
ATM01775,Taichung MRT Station,012,0775
ATM01776,Kaohsiung Station,012,0776
ATM01777,Nantou MRT Station,012,0777
ATM01778,Kaohsiung Airport,012,0778
ATM01779,Tainan Industrial Park,012,0779
ATM01780,Nantou Hospital,012,0780
ATM01781,Pingtung Main Branch,012,0781
ATM01782,Kaohsiung HSR Station,012,0782
ATM01783,Nantou MRT Station,012,0783
ATM01784,Taichung Hospital,012,0784
ATM01785,Taipei Hospital,012,0785
ATM01786,Pingtung MRT Station,012,0786
ATM01787,Tainan HSR Station,012,0787
ATM01788,Taipei Shopping Mall,012,0788
ATM01789,Yilan Airport,012,0789
ATM01790,Taoyuan MRT Station,012,0790
ATM01791,Taichung MRT Station,012,0791
ATM01792,Taoyuan Shopping Mall,012,0792
ATM01793,Kaohsiung Hospital,012,0793
ATM01794,Pingtung MRT Station,012,0794
ATM01795,Nantou Main Branch,012,0795
ATM01796,Hualien Airport,012,0796
ATM01797,Tainan Hospital,012,0797
ATM01798,Nantou Shopping Mall,012,0798
ATM01799,Hualien Shopping Mall,012,0799
ATM01800,Taipei University,012,0800
ATM01801,Nantou Station,012,0801
ATM01802,Kaohsiung Hospital,012,0802
ATM01803,Taipei Main Branch,012,0803
ATM01804,Taipei Station,012,0804
ATM01805,Yilan MRT Station,012,0805
ATM01806,Hsinchu Shopping Mall,012,0806
ATM01807,Kaohsiung MRT Station,012,0807
ATM01808,Yilan MRT Station,012,0808
ATM01809,Tainan Industrial Park,012,0809
ATM01810,Tainan University,012,0810
ATM01811,Tainan Airport,012,0811
ATM01812,Yilan Main Branch,012,0812
ATM01813,Taoyuan Hospital,012,0813
ATM01814,Taipei Department Store,012,0814
ATM01815,Tainan Department Store,012,0815
ATM01816,Yilan Airport,012,0816
ATM01817,Nantou Airport,012,0817
ATM01818,Tainan HSR Station,012,0818
ATM01819,Taipei Department Store,012,0819
ATM01820,Taipei University,012,0820
ATM01821,Tainan Station,012,0821
ATM01822,Yilan Department Store,012,0822
ATM01823,Yilan Department Store,012,0823
ATM01824,Hualien Main Branch,012,0824
ATM01825,Hualien University,012,0825
ATM01826,Pingtung MRT Station,012,0826
ATM01827,Hualien University,012,0827
ATM01828,Taipei MRT Station,012,0828
ATM01829,Taichung MRT Station,012,0829
ATM01830,Taichung Industrial Park,012,0830
ATM01831,Yilan Industrial Park,012,0831
ATM01832,Kaohsiung Airport,012,0832
ATM01833,Taichung Industrial Park,012,0833
ATM01834,Hsinchu Department Store,012,0834
ATM01835,Taoyuan Main Branch,012,0835
ATM01836,Tainan Main Branch,012,0836
ATM01837,Taoyuan Department Store,012,0837
ATM01838,Pingtung Department Store,012,0838
ATM01839,Taichung Industrial Park,012,0839
ATM01840,Pingtung Hospital,012,0840
ATM01841,Nantou Main Branch,012,0841
ATM01842,Nantou University,012,0842
ATM01843,Nantou Main Branch,012,0843
ATM01844,Kaohsiung Shopping Mall,012,0844
ATM01845,Pingtung Airport,012,0845
ATM01846,Kaohsiung Industrial Park,012,0846
ATM01847,Taoyuan Station,012,0847
ATM01848,Nantou University,012,0848
ATM01849,Hualien Shopping Mall,012,0849
ATM01850,Pingtung Shopping Mall,012,0850
ATM01851,Taichung Station,012,0851
ATM01852,Taichung Industrial Park,012,0852
ATM01853,Taoyuan Department Store,012,0853
ATM01854,Yilan Department Store,012,0854
ATM01855,Taoyuan University,012,0855
ATM01856,Pingtung MRT Station,012,0856
ATM01857,Hsinchu University,012,0857
ATM01858,Taichung Shopping Mall,012,0858
ATM01859,Taichung Airport,012,0859
ATM01860,Taoyuan Department Store,012,0860
ATM01861,Kaohsiung Airport,012,0861
ATM01862,Hsinchu University,012,0862
ATM01863,Hualien Main Branch,012,0863
ATM01864,Yilan Department Store,012,0864
ATM01865,Taipei Airport,012,0865
ATM01866,Nantou Industrial Park,012,0866
ATM01867,Pingtung Shopping Mall,012,0867
ATM01868,Taipei Airport,012,0868
ATM01869,Pingtung Shopping Mall,012,0869
ATM01870,Tainan Shopping Mall,012,0870
ATM01871,Pingtung Department Store,012,0871
ATM01872,Pingtung Department Store,012,0872
ATM01873,Taoyuan Shopping Mall,012,0873
ATM01874,Hualien Airport,012,0874
ATM01875,Yilan Department Store,012,0875
ATM01876,Hsinchu Main Branch,012,0876
ATM01877,Hualien Industrial Park,012,0877
ATM01878,Kaohsiung Department Store,012,0878
ATM01879,Tainan HSR Station,012,0879
ATM01880,Taoyuan Airport,012,0880
ATM01881,Taoyuan Hospital,012,0881
ATM01882,Yilan Hospital,012,0882
ATM01883,Taichung Department Store,012,0883
ATM01884,Taoyuan Airport,012,0884
ATM01885,Hsinchu Main Branch,012,0885
ATM01886,Kaohsiung HSR Station,012,0886
ATM01887,Taoyuan MRT Station,012,0887
ATM01888,Taichung Hospital,012,0888
ATM01889,Taipei University,012,0889
ATM01890,Kaohsiung Department Store,012,0890
ATM01891,Yilan Shopping Mall,012,0891
ATM01892,Hsinchu Industrial Park,012,0892
ATM01893,Taichung Department Store,012,0893
ATM01894,Taoyuan Airport,012,0894
ATM01895,Nantou Main Branch,012,0895
ATM01896,Hsinchu Main Branch,012,0896
ATM01897,Yilan Station,012,0897
ATM01898,Hsinchu Shopping Mall,012,0898
ATM01899,Tainan HSR Station,012,0899
ATM01900,Taoyuan Airport,012,0900
ATM01901,Taipei University,012,0901
ATM01902,Hualien Shopping Mall,012,0902
ATM01903,Pingtung Department Store,012,0903
ATM01904,Tainan University,012,0904
ATM01905,Hualien University,012,0905
ATM01906,Taoyuan Hospital,012,0906
ATM01907,Pingtung Industrial Park,012,0907
ATM01908,Kaohsiung Hospital,012,0908
ATM01909,Yilan Department Store,012,0909
ATM01910,Tainan Main Branch,012,0910
ATM01911,Hualien MRT Station,012,0911
ATM01912,Hualien HSR Station,012,0912
ATM01913,Taichung HSR Station,012,0913
ATM01914,Yilan Shopping Mall,012,0914
ATM01915,Taipei Shopping Mall,012,0915
ATM01916,Nantou Industrial Park,012,0916
ATM01917,Hualien Hospital,012,0917
ATM01918,Nantou Airport,012,0918
ATM01919,Nantou HSR Station,012,0919
ATM01920,Tainan University,012,0920
ATM01921,Nantou University,012,0921
ATM01922,Kaohsiung Main Branch,012,0922
ATM01923,Pingtung Department Store,012,0923
ATM01924,Hsinchu Industrial Park,012,0924
ATM01925,Hsinchu Station,012,0925
ATM01926,Taipei Industrial Park,012,0926
ATM01927,Tainan Industrial Park,012,0927
ATM01928,Nantou Shopping Mall,012,0928
ATM01929,Tainan Station,012,0929
ATM01930,Yilan Department Store,012,0930
ATM01931,Nantou University,012,0931
ATM01932,Hsinchu HSR Station,012,0932
ATM01933,Tainan Shopping Mall,012,0933
ATM01934,Nantou Main Branch,012,0934
ATM01935,Kaohsiung Industrial Park,012,0935
ATM01936,Yilan HSR Station,012,0936
ATM01937,Taichung Department Store,012,0937
ATM01938,Pingtung Department Store,012,0938
ATM01939,Taichung Airport,012,0939
ATM01940,Tainan Hospital,012,0940
ATM01941,Taoyuan Industrial Park,012,0941
ATM01942,Pingtung Industrial Park,012,0942
ATM01943,Taichung Main Branch,012,0943
ATM01944,Kaohsiung MRT Station,012,0944
ATM01945,Taipei MRT Station,012,0945
ATM01946,Yilan MRT Station,012,0946
ATM01947,Taoyuan Shopping Mall,012,0947
ATM01948,Tainan HSR Station,012,0948
ATM01949,Taoyuan Department Store,012,0949
ATM01950,Nantou Shopping Mall,012,0950
ATM01951,Taipei Airport,012,0951
ATM01952,Taichung Department Store,012,0952
ATM01953,Nantou University,012,0953
ATM01954,Pingtung Station,012,0954
ATM01955,Hsinchu Department Store,012,0955
ATM01956,Tainan Department Store,012,0956
ATM01957,Hsinchu MRT Station,012,0957
ATM01958,Kaohsiung Industrial Park,012,0958
ATM01959,Yilan Hospital,012,0959
ATM01960,Nantou MRT Station,012,0960
ATM01961,Taichung Industrial Park,012,0961
ATM01962,Hsinchu Shopping Mall,012,0962
ATM01963,Kaohsiung Station,012,0963
ATM01964,Nantou Main Branch,012,0964
ATM01965,Kaohsiung Industrial Park,012,0965
ATM01966,Hsinchu University,012,0966
ATM01967,Taipei Industrial Park,012,0967
ATM01968,Taichung HSR Station,012,0968
ATM01969,Pingtung Hospital,012,0969
ATM01970,Yilan Hospital,012,0970
ATM01971,Taoyuan HSR Station,012,0971
ATM01972,Hualien University,012,0972
ATM01973,Yilan Station,012,0973
ATM01974,Hsinchu HSR Station,012,0974
ATM01975,Nantou Shopping Mall,012,0975
ATM01976,Tainan Shopping Mall,012,0976
ATM01977,Nantou Department Store,012,0977
ATM01978,Pingtung University,012,0978
ATM01979,Kaohsiung Airport,012,0979
ATM01980,Taipei Industrial Park,012,0980
ATM01981,Nantou Station,012,0981
ATM01982,Taipei Industrial Park,012,0982
ATM01983,Tainan Shopping Mall,012,0983
ATM01984,Taipei Station,012,0984
ATM01985,Tainan Shopping Mall,012,0985
ATM01986,Taipei HSR Station,012,0986
ATM01987,Tainan Shopping Mall,012,0987
ATM01988,Hualien University,012,0988
ATM01989,Kaohsiung Main Branch,012,0989
ATM01990,Tainan Main Branch,012,0990
ATM01991,Yilan Station,012,0991
ATM01992,Tainan Department Store,012,0992
ATM01993,Kaohsiung Station,012,0993
ATM01994,Kaohsiung MRT Station,012,0994
ATM01995,Hualien University,012,0995
ATM01996,Tainan Shopping Mall,012,0996
ATM01997,Taoyuan University,012,0997
ATM01998,Yilan Main Branch,012,0998
ATM01999,Hsinchu Airport,012,0999
ATM02000,Taichung Industrial Park,012,0000
